Productos,precio de venta,
yerba La Merced 500 g,36.000,
yerba La Merced 1 kg,55.000,
Playadito Clásica amarilla 500 g,18.400,
Playadito Clásica amarilla 1 kg,36.000,
Playadito despalada 500 g,26.300,
Playadito premium 500 g,24.200,
Playadito terere 500 g,22.000,
Playadito Hierbas 500 g,25.000,
Playadito Lata 500g,80.000,
Rosamonte suave suave 500 g,18.400,
Rosamonte suave suave 1 kg,36.000,
Rosamonte clasica 1kg,36.000,
Rosamonte despalada 500 g,22.600,
Rosamonte terere,18.400,
Rosamonte tradicional plus 500 g,18.400,
Rosamonte suave plus 1 kg,36.000,
CBSe 500 g,17.200,
CBSe 500 g etiqueta negra,35.000,
Taragui clasia 500 g,18.400,
Taragui clasica 1 kg,36.100,
Taragui despalada 1 kg,45.000,
Libre 500 g,23.000,
Herencia 500 g,20.000,
Amanda hiebas 500g ,19.000,
Bombilla Rosamonte,64.000,
Termo playadito,223.000,revisar 
Lata de union,135.000,
Lata de mañanita,135.000,
Mate De Ceramica con Madera Taragui Rojo ,219.000,revisar
Bombilla De Alpaca Taragui Tero Gallon,456.000,revisar
Yerba Mate Uruguaya Mansa 1 Kg,68.000,revisar
Mates de Palo Santo Normal,50.000,revisar
Mates de Palo Santo Con Boca Grande,50.000,revisar
Mate de Palo Santo Con Forma de Guampa,50.000,revisar
Mate de Palo Santo Con Forma de Copa,60.000,revisar
Mate de Tereré Guampas,60.000,revisar
Fuente de Palo Santo Pequeña,110.000,revisar
Combo Fernet coca,210.000,revisar ese
vino Rutini cabernet sauvignon ,112.000,
vino Rutini Cabernet Suavignon 2018,199.900,
vino Trumpeter 2023 Malbec,55.800,
vino Los Arboles Malbel ,40.000,
vino Nicasia blanc de blancs,50.000,
vino Alma Mora Malbec,40.000,
vino Trivento 2021 Malbec,50.000,
Alfajores Santafesinos docena,65.000,
Buenas y santas 500 g,18.400,
Cosmico 500 g,28.600,
Alfajores sin TACC,,
galletitas sin TACC,,
Alfajor Capitan del Espacio unidad,,
Alfajor pescado Raul unidad,,
Lata mate rojo,68.000,
Tita,,
Rhodecia,,
Cosmico 500 g,,