id,name,category,brand,presentation,price,stock,featured,image_filename,zip_file,description
la-merced-campo-sur-500g,Yerba Mate La Merced Campo Sur,yerba-mate,La Merced,500 g,36000,true,true,la-merced-campo-sur-500g.webp,La Merced Campo Sur_500 GR.png,"Yerba mate premium de secado tradicional, cosechada en el sur de la cuenca yerbatera. Sabor suave y persistente."
la-merced-campo-sur-1kg,Yerba Mate La Merced Campo Sur,yerba-mate,La Merced,1 kg,55000,true,false,la-merced-campo-sur-1kg.webp,La Merced Campo Sur_1000 GR.png,Presentación familiar de 1 kg de La Merced Campo Sur. Sabor equilibrado y duradero.
la-merced-de-campo-500g,Yerba Mate La Merced De Campo,yerba-mate,La Merced,500 g,36000,true,false,la-merced-de-campo-500g.webp,La Merced De Campo_500 GR.png,"Elaborada con hojas de yerbales cultivados en llanuras abiertas. Típico sabor amargo clásico, amable y aromático."
la-merced-de-monte-500g,Yerba Mate La Merced De Monte,yerba-mate,La Merced,500 g,36000,true,false,la-merced-de-monte-500g.webp,La Merced De Monte_500 GR.png,Cosechada en plantaciones rodeadas de bosque subtropical. Gran intensidad y carácter robusto.
la-merced-barbacua-500g,Yerba Mate La Merced Barbacuá,yerba-mate,La Merced,500 g,36000,true,true,la-merced-barbacua-500g.webp,La Merced Barbacua_500 GR.png,Elaboración artesanal con secado lento a leña estilo barbacuá. Notas ahumadas distintivas inconfundibles.
la-merced-campo-y-monte-500g,Yerba Mate La Merced Campo y Monte,yerba-mate,La Merced,500 g,36000,true,false,la-merced-campo-y-monte-500g.webp,La Merced Campo y Monte_500 GR.png,Corte maestro que combina la suavidad de campo con el vigor de las hojas de monte.
playadito-clasica-500g,Yerba Mate Playadito Clásica,yerba-mate,Playadito,500 g,18400,true,true,playadito-clasica-500g.webp,Playadito Cl+?sica_500 GR.png,"La clásica amarilla preferida de todos. Molienda tradicional con palo, suave y rendidora."
playadito-clasica-1kg,Yerba Mate Playadito Clásica,yerba-mate,Playadito,1 kg,36000,true,false,playadito-clasica-1kg.webp,Playadito Cl+?sica_1000 GR.png,Presentación de 1 kilogramo de Playadito tradicional. Suavidad inalterable en cada mate.
playadito-despalada-500g,Yerba Mate Playadito Despalada,yerba-mate,Playadito,500 g,26300,true,false,playadito-despalada-500g.webp,Playadito Despalada_500 GR.png,Yerba pura hoja sin palo. Mayor concentración de sabor y cafeína natural para mates intensos.
playadito-hierbas-500g,Yerba Mate Playadito Compuesta con Hierbas,yerba-mate,Playadito,500 g,25000,true,false,playadito-hierbas-500g.webp,Playadito Hierbas_500 GR.png,"Enriquecida con poleo, menta, cedrón y manzanilla. Fresca, digestiva y aromática."
playadito-terere-500g,Yerba Mate Playadito Tereré,yerba-mate,Playadito,500 g,22000,true,false,playadito-lata-terere-500g.webp,Lata Playadito Terer+?_500 GR.png,Molienda gruesa ideal para agua fría y tereré sin que se tape la bombilla.
playadito-premium-liebig-500g,Yerba Mate Liebig Original Premium,yerba-mate,Playadito / Liebig,500 g,24200,true,true,liebig-premium-500g.webp,Liebig Premium_500 GR.png,Cosecha seleccionada de Colonia Liebig con estacionamiento prolongado. La joya gourmet de Playadito.
playadito-lata-clasica-500g,Lata Playadito Clásica con Pico Vertedor,latas-y-termos,Playadito,500 g,80000,true,true,lata-playadito-clasica-500g.webp,Lata Playadito Cl+?sica_500 GR.png,Lata metálica coleccionable con pico vertedor dosificador y 500g de Playadito Clásica.
playadito-lata-terere-500g,Lata Playadito Tereré con Pico Vertedor,latas-y-termos,Playadito,500 g,80000,true,false,lata-playadito-terere-500g.webp,Lata Playadito Terer+?_500 GR.png,"Lata dosificadora especial para tereré, hermética y reutilizable."
termo-playadito,Termo Playadito Acero Inoxidable,latas-y-termos,Playadito,1 Litro,223000,true,true,termo-playadito.webp,,Termo de acero inoxidable con pico cebador de precisión para mate y tereré. Mantiene temperatura por 24hs.
rosamonte-suave-500g,Yerba Mate Rosamonte Suave,yerba-mate,Rosamonte,500 g,18400,true,false,rosamonte-suave-500g.webp,Rosamonte Suave_500 GR.png,"Estacionamiento natural con sabor equilibrado, menos amargo y muy rendidor."
rosamonte-suave-1kg,Yerba Mate Rosamonte Suave,yerba-mate,Rosamonte,1 kg,36000,true,false,rosamonte-suave-1kg.webp,Rosamonte Suave_1000 GR.png,Envase de 1 kg de yerba suave Rosamonte para disfrutar todos los días.
rosamonte-suave-plus-1kg,Yerba Mate Rosamonte Suave Plus,yerba-mate,Rosamonte,1 kg,36000,true,false,rosamonte-suave-plus-1kg.webp,Rosamonte Suave Plus_1000 GR.png,Fórmula Suave Plus con molienda seleccionada para paladares refinados.
rosamonte-tradicional-500g,Yerba Mate Rosamonte Tradicional,yerba-mate,Rosamonte,500 g,18400,true,false,rosamonte-tradicional-500g.webp,Rosamonte Tradicional_500 GR.png,"El inconfundible sabor clásico de Apóstoles, Misiones. Fuerte, aromática y con cuerpo."
rosamonte-tradicional-1kg,Yerba Mate Rosamonte Tradicional,yerba-mate,Rosamonte,1 kg,36000,true,false,rosamonte-tradicional-1kg.webp,Rosamonte Tradicional_1000 GR.png,Paquete de 1 kg de Rosamonte tradicional para los amantes del buen mate misionero.
rosamonte-tradicional-plus-500g,Yerba Mate Rosamonte Tradicional Plus,yerba-mate,Rosamonte,500 g,18400,true,false,rosamonte-tradicional-plus-500g.webp,Rosamonte Tradicional Plus_500 GR.png,Elaboración especial Tradicional Plus con mayor porcentaje de hoja y estacionamiento controlado.
rosamonte-despalada-500g,Yerba Mate Rosamonte Despalada,yerba-mate,Rosamonte,500 g,22600,true,false,rosamonte-despalada-500g.webp,Rosamonte Despalada_ 500 GR.png,"Mínimo porcentaje de palo (máx 10%). Mates fuertes, concentrados y duraderos."
rosamonte-terere-500g,Yerba Mate Rosamonte Tereré,yerba-mate,Rosamonte,500 g,18400,true,false,rosamonte-terere-500g.webp,Rosamonte Terer+?_500 GR.png,"Canchada y limpia, formulada especialmente para acompañar tereré con jugos o agua helada."
rosamonte-organica-250g,Yerba Mate Rosamonte Orgánica Certificada,yerba-mate,Rosamonte,250 g,22000,true,true,rosamonte-organica-250g.webp,Rosamonte Organica_ 250 GR.png,"Cultivo 100% ecológico sin agroquímicos, certificada orgánica. Cuidado artesanal desde el origen."
taragui-original-500g,Yerba Mate Taragüi Clásica Con Palo,yerba-mate,Taragüi,500 g,18400,true,false,taragui-original-500g.webp,Tarag++i Original_500 GR.png,"La yerba insignia de Las Marías. Sabor maduro, intenso y constante de la primera a la última cebada."
taragui-sin-palo-500g,Yerba Mate Taragüi Sin Palo Despalada,yerba-mate,Taragüi,500 g,22500,true,false,taragui-sin-palo-500g.webp,Tarag++i Sin Palo_500 GR.png,Elaborada con 100% hojas nobles sin palo. Rendimiento y cuerpo superiores.
taragui-sin-palo-1kg,Yerba Mate Taragüi Sin Palo Despalada,yerba-mate,Taragüi,1 kg,45000,true,false,taragui-sin-palo-1kg.webp,Tarag++i Sin Palo _ 1000 GR.png,Paquete de 1 kg de Taragüi pura hoja sin palo. Para materos intensos.
taragui-clasica-1kg,Yerba Mate Taragüi Clásica Con Palo,yerba-mate,Taragüi,1 kg,36100,true,false,taragui-clasica-1kg.webp,Tarag++i Original_500 GR.png,1 kg de tradición yerbatera de Establecimiento Las Marías.
cbse-etiqueta-negra-500g,Yerba Mate CBSé Hierbas Serranas Etiqueta Negra,yerba-mate,CBSé,500 g,35000,true,true,cbse-etiqueta-negra-500g.webp,CBS+? Etiqueta Negra_500 GR.png,Edición especial con hierbas de las sierras de Córdoba y estacionamiento prolongado.
cbse-limon-500g,Yerba Mate CBSé Sabor Limón,yerba-mate,CBSé,500 g,17200,true,false,cbse-limon-500g.webp,CBS+? Limon_500 GR.png,Toque cítrico natural de limón refrescante. Excelente tanto para mate caliente como tereré.
cbse-naranja-500g,Yerba Mate CBSé Sabor Naranja,yerba-mate,CBSé,500 g,17200,true,false,cbse-naranja-500g.webp,CBS+? Naranja_500 GR.png,Aroma y dulzura cítrica de naranjas seleccionadas con yerba mate de calidad.
cbse-pomelo-rosado-500g,Yerba Mate CBSé Pomelo Rosado,yerba-mate,CBSé,500 g,17200,true,false,cbse-pomelo-rosado-500g.webp,CBS+? Pomelo Rosado_500 GR.png,Delicioso sabor a pomelo rosado. Un clásico veraniego insuperable en tereré.
cbse-jengibre-500g,Yerba Mate CBSé Sabor Jengibre,yerba-mate,CBSé,500 g,17200,true,false,cbse-jengibre-500g.webp,CBS+? Jengibre_500 GR.png,Sutil picante revitalizante de raíz de jengibre natural con el cuerpo del mate.
cbse-frutos-del-bosque-500g,Yerba Mate CBSé Frutos del Bosque,yerba-mate,CBSé,500 g,17200,true,false,cbse-frutos-del-bosque-500g.webp,CBS+? Frutos del Bosque_500 GR.png,"Fragancia y notas de arándanos, frambuesas y frutillas silvestres."
cbse-hierbas-serranas-500g,Yerba Mate CBSé Hierbas Serranas,yerba-mate,CBSé,500 g,17200,true,false,cbse-hierbas-serranas-500g.webp,CBS+? Pomelo Hierbas Serranas_500 GR.png,"Con poleo, menta y peperina. La compuesta número uno de Argentina."
cbse-hierbas-del-litoral-500g,Yerba Mate CBSé Hierbas del Litoral,yerba-mate,CBSé,500 g,17200,true,false,cbse-hierbas-del-litoral-500g.webp,CBS+? Hierbas del Litoral_500 GR.png,"Hierbas autóctonas litoraleñas: cedrón, carqueja y menta para un mate suave y liviano."
amanda-compuesta-500g,Yerba Mate Amanda Compuesta con Hierbas,yerba-mate,Amanda,500 g,19000,true,false,amanda-compuesta-500g.webp,Amanda Compuesta_500 GR.png,"Combinación equilibrada de yerba misionera con manzanilla, poleo, tilo y cedrón."
buenas-y-santas-hierbas-500g,Yerba Mate Buenas y Santas Hierbas Reales,yerba-mate,Buenas y Santas,500 g,18400,true,false,buenas-y-santas-hierbas-500g.webp,Buenas y Santas Hierbas Reales_500 GR.png,Hierbas reales seleccionadas para una infusión amable al estómago y muy aromática.
cosmico-500g,Yerba Mate Cósmico Blend de Autor,yerba-mate,Cósmico,500 g,28600,true,true,cosmico-500g.webp,Cosmico_500 GR.png,Yerba mate artesanal con estacionamiento natural prolongado de 18 a 24 meses. Sabor redondo y suave.
herencia-500g,Yerba Mate Herencia Tradicional,yerba-mate,Herencia,500 g,20000,true,false,herencia-500g.webp,Herencia_500 GR.png,Receta tradicional de pequeños productores con secado lento.
libre-clasica-despalada-500g,Yerba Mate Libre Clásica Despalada,yerba-mate,Libre,500 g,23000,true,false,libre-clasica-despalada-500g.webp,Libre Cl+?sica Despalada_500 GR.png,"Despalada pura sin aditivos, libre de gluten y con alta densidad energética."
yerba-uruguaya-mansa-1kg,Yerba Mate Uruguaya Mansa,yerba-mate,Mansa,1 kg,68000,true,false,yerba-uruguaya-mansa-1kg.webp,,"Molienda tipo PU1 uruguaya, hoja finamente triturada sin palo para mate espumoso estilo oriental."
lata-union-suave-500g,Lata Unión Suave con Pico Vertedor,latas-y-termos,Unión,500 g,135000,true,false,lata-union-suave-500g.webp,Lata Uni+?n Suave_500 GR.png,Lata litografiada premium coleccionable con yerba Unión suave y pico dosificador.
lata-mananita-500g,Lata Mañanita con Pico Vertedor,latas-y-termos,Mañanita,500 g,135000,true,false,lata-mananita-500g.webp,Lata Ma+?anita_500 GR.png,Lata de diseño exclusivo con yerba Mañanita de primera molienda.
lata-mate-rojo-tradicional-500g,Lata Mate Rojo Tradicional con Pico,latas-y-termos,Mate Rojo,500 g,68000,true,false,lata-mate-rojo-tradicional-500g.webp,Lata Mate Rojo Tradicional_500 GR.png,"Lata metálica roja con dosificador de Oberá, Misiones."
lata-mate-rojo-suave-500g,Lata Mate Rojo Suave con Pico,latas-y-termos,Mate Rojo,500 g,68000,true,false,lata-mate-rojo-suave-500g.webp,Late Mate Rojo Suave_500 GR.png,Lata dosificadora con yerba suave elaborada bajo estrictas normas de estacionamiento.
bombilla-rosamonte-resorte,Bombilla Rosamonte con Resorte Acero Inoxidable,mates-y-bombillas,Rosamonte,Unidad,64000,true,false,bombilla-rosamonte-resorte.webp,Bombilla con Resorte Rosamonte Acero Inoxidable.png,Bombilla de acero inoxidable quirúrgico con resorte regulable fácil de limpiar y desarmar.
bombilla-rosamonte-desarmable,Bombilla Rosamonte Desarmable Acero Inoxidable,mates-y-bombillas,Rosamonte,Unidad,64000,true,false,bombilla-rosamonte-desarmable.webp,Bombilla Desarmable Rosamonte Acero Inoxidable.png,Cuerpo cilíndrico desarmable para máxima higiene. Excelente flujo de agua.
bombilla-alpaca-taragui-tero,Bombilla de Alpaca Taragüi Cincelada Tero Gallón,mates-y-bombillas,Taragüi,Unidad,456000,true,true,bombilla-alpaca-taragui.webp,,Pieza de orfebrería criolla en alpaca maciza con pico de loro cincelado y filtro ranurado.
mate-ceramica-madera-taragui,Mate de Cerámica con Base de Madera Taragüi Rojo,mates-y-bombillas,Taragüi,Unidad,219000,true,true,mate-ceramica-madera-taragui.webp,Combo Tarag++i Premium -Mate - Bombilla - Yerba Mate.png,"Diseño ergonómico contemporáneo de cerámica esmaltada que no absorbe olores, con base de madera noble."
mate-palo-santo-normal,Mate Artesanal de Palo Santo Tradicional,mates-y-bombillas,Artesanal,Unidad,50000,true,false,mate-palo-santo-normal.webp,,Tallado en madera de Palo Santo aromática del Chaco. Otorga al mate un aroma y dulzor resinoso único.
mate-palo-santo-boca-grande,Mate de Palo Santo con Boca Ancha,mates-y-bombillas,Artesanal,Unidad,50000,true,false,mate-palo-santo-boca-grande.webp,,Boca ancha ideal para armar montañita de yerba estable y cebadas prolongadas.
mate-palo-santo-guampa,Mate de Palo Santo con Forma de Guampa,mates-y-bombillas,Artesanal,Unidad,50000,true,false,mate-palo-santo-guampa.webp,,"Silueta estilizada inspirada en el cuerno vacuno tradicional, tallada en madera noble."
mate-palo-santo-copa,Mate de Palo Santo con Forma de Copa,mates-y-bombillas,Artesanal,Unidad,60000,true,false,mate-palo-santo-copa.webp,,Diseño tipo cáliz con pie de apoyo torneado. Elegante y aromático.
mate-terere-guampa,Guampa Tradicional para Tereré,mates-y-bombillas,Artesanal,Unidad,60000,true,false,mate-terere-guampa.webp,,Guampa auténtica para disfrutar tereré bien frío en jornadas calurosas.
fuente-palo-santo-pequena,Fuente / Bandeja de Palo Santo Pequeña,mates-y-bombillas,Artesanal,Unidad,110000,true,false,fuente-palo-santo-pequena.webp,,"Bandeja para servir el mate o apoyar accesorios, elaborada en madera aromática maciza."
combo-taragui-premium,Combo Taragüi Premium: Mate + Bombilla + Yerba,combos,Taragüi,Set Completo,250000,true,true,combo-taragui-premium.webp,Combo Tarag++i Premium -Mate - Bombilla - Yerba Mate (2).png,"Kit matero de lujo con mate térmico de cerámica y madera, bombilla metálica y paquete de yerba premium."
combo-fernet-branca-coca,Combo Fernet Branca Edición Limitada + Coca Cola,combos,Fernet Branca,750 ml + 500 ml,210000,true,true,combo-fernet-branca-coca.webp,Fernet Branca Edici+?n Limitada_750 ML_Coca Cola_500 ML.png,El combo argentino por excelencia: botella de Fernet Branca Edición Especial 750ml con Coca Cola.
fernet-branca-edicion-limitada-750ml,Fernet Branca Edición Limitada Botella,combos,Fernet Branca,750 ml,175000,true,false,fernet-branca-edicion-limitada-750ml.webp,Fernet Branca Edici+?n Limitada_750 ML.png,Aperitivo amargo elaborado con 27 hierbas secretas de cuatro continentes. Botella de colección.
vino-rutini-cabernet-sauvignon,Vino Rutini Cabernet Sauvignon,vinos,Rutini Wines,750 ml,112000,true,true,vino-rutini-cabernet-sauvignon.webp,,"Tinto de alta gama del Valle de Uco, Mendoza. Aromas a frutos rojos maduros, pimienta negra, vainilla y roble."
vino-rutini-cabernet-sauvignon-2018,Vino Rutini Cabernet Sauvignon Cosecha 2018,vinos,Rutini Wines,750 ml,199900,true,true,vino-rutini-cabernet-sauvignon-2018.webp,,Cosecha histórica 2018 guardada en cavas con crianza en barricas de roble francés. Taninos sedosos y gran complejidad.
vino-trumpeter-malbec-2023,Vino Trumpeter Malbec 2023 Rutini,vinos,Rutini Wines,750 ml,55800,true,false,vino-trumpeter-malbec-2023.webp,,Notas frutadas de ciruela y cereza con un sutil paso por roble. Taninos dulces y redondos.
vino-los-arboles-malbec,Vino Los Árboles Malbec,vinos,Navarro Correas,750 ml,40000,true,false,vino-los-arboles-malbec.webp,,"Fresco, frutal y muy agradable para acompañar pastas, carnes y picadas."
vino-nicasia-blanc-de-blancs,Vino Nicasia Vineyards Blanc de Blancs,vinos,Catena Zapata,750 ml,50000,true,false,vino-nicasia-blanc-de-blancs.webp,,"Corte blanco refinado (Viognier, Chardonnay, Sauvignon Blanc) de gran frescura cítrica y flores blancas."
vino-alma-mora-malbec,Vino Alma Mora Malbec Valle de Pedernal,vinos,Finca Las Moras,750 ml,40000,true,false,vino-alma-mora-malbec.webp,,"Vino expresivo con notas a frutas negras, ciruela pasa y un toque de tostado."
vino-trivento-malbec-2021,Vino Trivento Reserve Malbec 2021,vinos,Trivento,750 ml,50000,true,false,vino-trivento-malbec-2021.webp,,Aromas de confitura de frutos rojos y sutil chocolate. Elegancia mendocina premiada internacionalmente.
alfajores-santafesinos-docena,Alfajores Santafesinos Merengados (Docena),alfajores-y-dulces,Artesanal,Caja x 12 u.,65000,true,true,alfajores-santafesinos-docena.webp,,"Tradicionales alfajores santafesinos de masa crujiente de hojaldre, abundante dulce de leche repostero y glaseado real."
alfajor-capitan-del-espacio,Alfajor Capitán del Espacio Negro Triple,alfajores-y-dulces,Capitán del Espacio,Unidad (85 g),12000,true,true,alfajor-capitan-del-espacio.webp,,"El mítico alfajor de Quilmes con triple capa de galletita tierna, dulce de leche de receta secreta y baño de chocolate."
alfajores-sin-tacc,Alfajores de Chocolate Sin TACC (Libre de Gluten),alfajores-y-dulces,Gourmet Sin TACC,Caja x 6 u.,45000,true,false,alfajores-sin-tacc.webp,,"Alfajores certificados libres de gluten con suave masa de harina de arroz y cacao fino, rellenos de dulce de leche."
galletitas-sin-tacc,Galletitas Dulces Sin TACC,alfajores-y-dulces,Gourmet Sin TACC,Paquete 200 g,25000,true,false,galletitas-sin-tacc.webp,,Deliciosas galletitas horneadas crujientes aptas para personas celíacas.
alfajor-rasta-chocolate,Alfajor Rasta Chocolate con Dulce de Leche,alfajores-y-dulces,Rasta,Unidad (75 g),15000,true,false,alfajor-rasta-chocolate.webp,,Galleta crocante horneada con cacao amargo y una generosa porción de dulce de leche con baño de repostería.
tita-galletita-chocolate,Galletita Tita Rellena con Baño de Chocolate,alfajores-y-dulces,Terrabusi,Unidad (19 g),5000,true,false,tita-galletita-chocolate.webp,,El clásico nostálgico argentino: dos galletitas dulces con relleno sabor limón bañadas con chocolate con leche.
rhodesia-oblea-chocolate,Oblea Rhodesia Bañada en Chocolate,alfajores-y-dulces,Terrabusi,Unidad (22 g),5000,true,false,rhodesia-oblea-chocolate.webp,,Crujiente oblea rellena con crema de limón y bañada en chocolate semiamargo.